[
    {
        "weaponID": "AS VAL",
        "displayName": "AS VAL",
        "weaponType": 1,
        "baseCost": 0,
        "modId": 3361523989,
        "overrides":
        {
            "damage": 40
        }
    },
    {
        "weaponID": "AK-47",
        "displayName": "AK-47",
        "weaponType": 1,
        "baseCost": 0,
        "modId": 3361523989
    },
    {
        "weaponID": "AUG A1",
        "displayName": "AUG A1",
        "weaponType": 1,
        "baseCost": 0,
        "modId": 3361523989,
        "overrides":
        {
            "damage": 40
        }
    },
    {
        "weaponID": "FG 42 [EARLY]",
        "displayName": "FG 42 [EARLY]",
        "weaponType": 1,
        "baseCost": 0,
        "modId": 3361523989
    },
    {
        "weaponID": "M16A1",
        "displayName": "M16A1",
        "weaponType": 1,
        "baseCost": 0,
        "modId": 3361523989,
        "overrides":
        {
            "damage": 42
        }
    },
    {
        "weaponID": "M16A4",
        "displayName": "M16A4",
        "weaponType": 1,
        "baseCost": 0,
        "modId": 3361523989,
        "overrides":
        {
            "damage": 38
        }
    },
    {
        "weaponID": "RUGER SR-762",
        "displayName": "RUGER SR-762",
        "weaponType": 1,
        "baseCost": 0,
        "modId": 3361523989
    },
    {
        "weaponID": "SIG SG 550",
        "displayName": "SIG SG 550",
        "weaponType": 1,
        "baseCost": 0,
        "modId": 3361523989
    },
    {
        "weaponID": "AWM",
        "displayName": "AWM",
        "weaponType": 2,
        "baseCost": 0,
        "modId": 3361523989,
        "overrides":
        {
            "damage": 95
        }
    },
    {
        "weaponID": "BARRETT M82A1",
        "displayName": "BARRETT M82A1",
        "weaponType": 2,
        "baseCost": 0,
        "modId": 3361523989
    },
    {
        "weaponID": "DRAGUNOV SVD",
        "displayName": "DRAGUNOV SVD",
        "weaponType": 2,
        "baseCost": 0,
        "modId": 3361523989
    },
    {
        "weaponID": "M200 INTERVENTION",
        "displayName": "M200 INTERVENTION",
        "weaponType": 2,
        "baseCost": 0,
        "modId": 3361523989
    },
    {
        "weaponID": "RUGER SR-762 [MARKSMAN KIT I]",
        "displayName": "RUGER SR-762",
        "weaponType": 2,
        "baseCost": 0,
        "modId": 3361523989
    },
    {
        "weaponID": "STEYR SCOUT",
        "displayName": "STEYR SCOUT",
        "weaponType": 2,
        "baseCost": 0,
        "modId": 3361523989
    },
    {
        "weaponID": "STEYR SCOUT [STEALTH KIT I]",
        "displayName": "STEYR SCOUT [STEALTH KIT I]",
        "weaponType": 2,
        "baseCost": 0,
        "modId": 3361523989
    },
    {
        "weaponID": "MAC-10",
        "displayName": "MAC-10",
        "weaponType": 3,
        "baseCost": 0,
        "modId": 3361523989
    },
    {
        "weaponID": "SR-2 VERESK",
        "displayName": "SR-2 VERESK",
        "weaponType": 3,
        "baseCost": 0,
        "modId": 3361523989,
        "overrides":
        {
            "maxSpareAmmo":100
        }
    },
    {
        "weaponID": "UMP-45",
        "displayName": "UMP-45",
        "weaponType": 3,
        "baseCost": 0,
        "modId": 3361523989,
        "overrides":
        {
            "damage": 32,
            "balanceDamage": 35
        }
    },
    {
        "weaponID": "P90",
        "displayName": "P90",
        "weaponType": 3,
        "baseCost": 0,
        "modId": 3361523989
    },
    {
        "weaponID": "MOSSBERG 500",
        "displayName": "MOSSBERG 500",
        "weaponType": 4,
        "baseCost": 0,
        "modId": 3361523989
    },
    {
        "weaponID": "MOSSBERG 500 CRUISER",
        "displayName": "MOSSBERG 500 CRUISER",
        "weaponType": 4,
        "baseCost": 0,
        "modId": 3361523989
    },
    {
        "weaponID": "BENELLI M4",
        "displayName": "BENELLI M4",
        "weaponType": 4,
        "baseCost": 0,
        "modId": 3361523989
    },
    {
        "weaponID": "PANCOR JACKHAMMER",
        "displayName": "PANCOR JACKHAMMER",
        "weaponType": 4,
        "baseCost": 0,
        "modId": 3361523989
    },
    {
        "weaponID": "STEVENS MODEL 311",
        "displayName": "STEVENS MODEL 311",
        "weaponType": 4,
        "baseCost": 0,
        "modId": 3361523989
    },
    {
        "weaponID": "SUPERGOOSE",
        "displayName": "SUPERGOOSE",
        "weaponType": 4,
        "baseCost": 0,
        "modId": 3361523989
    },
    {
        "weaponID": "HANDHELD M2 BROWNING",
        "displayName": "HANDHELD M2 BROWNING",
        "weaponType": 5,
        "baseCost": 0,
        "modId": 3361523989
    },
    {
        "weaponID": "M60",
        "displayName": "M60",
        "weaponType": 5,
        "baseCost": 0,
        "modId": 3361523989
    },
    {
        "weaponID": "NEGEV NG-5",
        "displayName": "NEGEV NG-5",
        "weaponType": 5,
        "baseCost": 0,
        "modId": 3361523989
    },
    {
        "weaponID": "SIG SAUER P250",
        "displayName": "SIG SAUER P250",
        "weaponType": 6,
        "baseCost": 0,
        "modId": 3361523989
    },
    {
        "weaponID": "SIG SAUER P250 [STEALTH KIT I]",
        "displayName": "SIG SAUER P250 [STEALTH KIT I]",
        "weaponType": 6,
        "baseCost": 0,
        "modId": 3361523989
    },
    {
        "weaponID": "DESERT EAGLE",
        "displayName": "DESERT EAGLE",
        "weaponType": 6,
        "baseCost": 0,
        "modId": 3361523989
    },
    {
        "weaponID": "M1911",
        "displayName": "M1911",
        "weaponType": 6,
        "baseCost": 0,
        "modId": 3361523989
    },
    {
        "weaponID": "MP-412 REX",
        "displayName": "MP-412 REX",
        "weaponType": 6,
        "baseCost": 0,
        "modId": 3361523989
    },
    {
        "weaponID": "MR-73",
        "displayName": "MR-73",
        "weaponType": 6,
        "baseCost": 0,
        "modId": 3361523989
    },
    {
        "weaponID": "MR-73 [MARKSMAN KIT I]",
        "displayName": "MR-73 [MARKSMAN KIT I]",
        "weaponType": 6,
        "baseCost": 0,
        "modId": 3361523989
    },
    {
        "weaponID": "SMITH&WESSON MODEL 29",
        "displayName": "SMITH&WESSON MODEL 29",
        "weaponType": 6,
        "baseCost": 0,
        "modId": 3361523989
    },
    {
        "weaponID": "TEC-9",
        "displayName": "TEC-9",
        "weaponType": 6,
        "baseCost": 0,
        "modId": 3361523989
    },
    {
        "weaponID": "WALTHER PPK",
        "displayName": "WALTHER PPK",
        "weaponType": 6,
        "baseCost": 0,
        "modId": 3361523989
    },
    {
        "weaponID": "X26 TASER(Secondary)",
        "displayName": "X26 TASER",
        "weaponType": 7,
        "baseCost": 0,
        "modId": 3361523989
    },
    {
        "weaponID": "CZ-75A",
        "displayName": "CZ-75A",
        "weaponType": 7,
        "baseCost": 0,
        "modId": 3361523989
    },
    {
        "weaponID": "GLOCK 18C",
        "displayName": "GLOCK 18C",
        "weaponType": 7,
        "baseCost": 0,
        "modId": 3361523989
    },
    {
        "weaponID": "M320 GL",
        "displayName": "M320 GL",
        "weaponType": 9,
        "baseCost": 0,
        "modId": 3361523989
    },
    {
        "weaponID": "MILKOR MGL",
        "displayName": "MILKOR MGL",
        "weaponType": 9,
        "baseCost": 0,
        "modId": 3361523989
    },
    {
        "weaponID": "HK-69",
        "displayName": "HK-69",
        "weaponType": 9,
        "baseCost": 0,
        "modId": 3361523989
    }
]